{"cameraMode":{"drawMode":0,"name":"Shaded","section":"Shading Mode"},"sceneLighting":false,"audioPlay":false,"sceneViewState":{"m_AlwaysRefresh":false,"showFog":true,"showSkybox":false,"showFlares":true,"showImageEffects":true,"showParticleSystems":true,"showVisualEffectGraphs":true,"m_FxEnabled":true},"in2DMode":false,"pivot":{"x":-0.12321870774030686,"y":0.15843115746974946,"z":1.1539840698242188},"rotation":{"x":0.0025229433085769417,"y":0.990284264087677,"z":-0.13784591853618623,"w":0.018125025555491449},"size":0.4330126941204071,"orthographic":false}